--
-- PostgreSQL database dump
--

-- Dumped from database version 16.1 (Debian 16.1-1.pgdg120+1)
-- Dumped by pg_dump version 16.1 (Debian 16.1-1.pgdg120+1)

SET statement_timeout = 0;
SET lock_timeout = 0;
SET idle_in_transaction_session_timeout = 0;
SET client_encoding = 'UTF8';
SET standard_conforming_strings = on;
SELECT pg_catalog.set_config('search_path', '', false);
SET check_function_bodies = false;
SET xmloption = content;
SET client_min_messages = warning;
SET row_security = off;

SET default_tablespace = '';

SET default_table_access_method = heap;

--
-- Name: auth_group; Type: TABLE; Schema: public; Owner: survey
--

CREATE TABLE public.auth_group (
    id integer NOT NULL,
    name character varying(150) NOT NULL
);


ALTER TABLE public.auth_group OWNER TO survey;

--
-- Name: auth_group_id_seq; Type: SEQUENCE; Schema: public; Owner: survey
--

ALTER TABLE public.auth_group ALTER COLUMN id ADD GENERATED BY DEFAULT AS IDENTITY (
    SEQUENCE NAME public.auth_group_id_seq
    START WITH 1
    INCREMENT BY 1
    NO MINVALUE
    NO MAXVALUE
    CACHE 1
);


--
-- Name: auth_group_permissions; Type: TABLE; Schema: public; Owner: survey
--

CREATE TABLE public.auth_group_permissions (
    id bigint NOT NULL,
    group_id integer NOT NULL,
    permission_id integer NOT NULL
);


ALTER TABLE public.auth_group_permissions OWNER TO survey;

--
-- Name: auth_group_permissions_id_seq; Type: SEQUENCE; Schema: public; Owner: survey
--

ALTER TABLE public.auth_group_permissions ALTER COLUMN id ADD GENERATED BY DEFAULT AS IDENTITY (
    SEQUENCE NAME public.auth_group_permissions_id_seq
    START WITH 1
    INCREMENT BY 1
    NO MINVALUE
    NO MAXVALUE
    CACHE 1
);


--
-- Name: auth_permission; Type: TABLE; Schema: public; Owner: survey
--

CREATE TABLE public.auth_permission (
    id integer NOT NULL,
    name character varying(255) NOT NULL,
    content_type_id integer NOT NULL,
    codename character varying(100) NOT NULL
);


ALTER TABLE public.auth_permission OWNER TO survey;

--
-- Name: auth_permission_id_seq; Type: SEQUENCE; Schema: public; Owner: survey
--

ALTER TABLE public.auth_permission ALTER COLUMN id ADD GENERATED BY DEFAULT AS IDENTITY (
    SEQUENCE NAME public.auth_permission_id_seq
    START WITH 1
    INCREMENT BY 1
    NO MINVALUE
    NO MAXVALUE
    CACHE 1
);


--
-- Name: auth_user; Type: TABLE; Schema: public; Owner: survey
--

CREATE TABLE public.auth_user (
    id integer NOT NULL,
    password character varying(128) NOT NULL,
    last_login timestamp with time zone,
    is_superuser boolean NOT NULL,
    username character varying(150) NOT NULL,
    first_name character varying(150) NOT NULL,
    last_name character varying(150) NOT NULL,
    email character varying(254) NOT NULL,
    is_staff boolean NOT NULL,
    is_active boolean NOT NULL,
    date_joined timestamp with time zone NOT NULL
);


ALTER TABLE public.auth_user OWNER TO survey;

--
-- Name: auth_user_groups; Type: TABLE; Schema: public; Owner: survey
--

CREATE TABLE public.auth_user_groups (
    id bigint NOT NULL,
    user_id integer NOT NULL,
    group_id integer NOT NULL
);


ALTER TABLE public.auth_user_groups OWNER TO survey;

--
-- Name: auth_user_groups_id_seq; Type: SEQUENCE; Schema: public; Owner: survey
--

ALTER TABLE public.auth_user_groups ALTER COLUMN id ADD GENERATED BY DEFAULT AS IDENTITY (
    SEQUENCE NAME public.auth_user_groups_id_seq
    START WITH 1
    INCREMENT BY 1
    NO MINVALUE
    NO MAXVALUE
    CACHE 1
);


--
-- Name: auth_user_id_seq; Type: SEQUENCE; Schema: public; Owner: survey
--

ALTER TABLE public.auth_user ALTER COLUMN id ADD GENERATED BY DEFAULT AS IDENTITY (
    SEQUENCE NAME public.auth_user_id_seq
    START WITH 1
    INCREMENT BY 1
    NO MINVALUE
    NO MAXVALUE
    CACHE 1
);


--
-- Name: auth_user_user_permissions; Type: TABLE; Schema: public; Owner: survey
--

CREATE TABLE public.auth_user_user_permissions (
    id bigint NOT NULL,
    user_id integer NOT NULL,
    permission_id integer NOT NULL
);


ALTER TABLE public.auth_user_user_permissions OWNER TO survey;

--
-- Name: auth_user_user_permissions_id_seq; Type: SEQUENCE; Schema: public; Owner: survey
--

ALTER TABLE public.auth_user_user_permissions ALTER COLUMN id ADD GENERATED BY DEFAULT AS IDENTITY (
    SEQUENCE NAME public.auth_user_user_permissions_id_seq
    START WITH 1
    INCREMENT BY 1
    NO MINVALUE
    NO MAXVALUE
    CACHE 1
);


--
-- Name: django_admin_log; Type: TABLE; Schema: public; Owner: survey
--

CREATE TABLE public.django_admin_log (
    id integer NOT NULL,
    action_time timestamp with time zone NOT NULL,
    object_id text,
    object_repr character varying(200) NOT NULL,
    action_flag smallint NOT NULL,
    change_message text NOT NULL,
    content_type_id integer,
    user_id integer NOT NULL,
    CONSTRAINT django_admin_log_action_flag_check CHECK ((action_flag >= 0))
);


ALTER TABLE public.django_admin_log OWNER TO survey;

--
-- Name: django_admin_log_id_seq; Type: SEQUENCE; Schema: public; Owner: survey
--

ALTER TABLE public.django_admin_log ALTER COLUMN id ADD GENERATED BY DEFAULT AS IDENTITY (
    SEQUENCE NAME public.django_admin_log_id_seq
    START WITH 1
    INCREMENT BY 1
    NO MINVALUE
    NO MAXVALUE
    CACHE 1
);


--
-- Name: django_content_type; Type: TABLE; Schema: public; Owner: survey
--

CREATE TABLE public.django_content_type (
    id integer NOT NULL,
    app_label character varying(100) NOT NULL,
    model character varying(100) NOT NULL
);


ALTER TABLE public.django_content_type OWNER TO survey;

--
-- Name: django_content_type_id_seq; Type: SEQUENCE; Schema: public; Owner: survey
--

ALTER TABLE public.django_content_type ALTER COLUMN id ADD GENERATED BY DEFAULT AS IDENTITY (
    SEQUENCE NAME public.django_content_type_id_seq
    START WITH 1
    INCREMENT BY 1
    NO MINVALUE
    NO MAXVALUE
    CACHE 1
);


--
-- Name: django_migrations; Type: TABLE; Schema: public; Owner: survey
--

CREATE TABLE public.django_migrations (
    id bigint NOT NULL,
    app character varying(255) NOT NULL,
    name character varying(255) NOT NULL,
    applied timestamp with time zone NOT NULL
);


ALTER TABLE public.django_migrations OWNER TO survey;

--
-- Name: django_migrations_id_seq; Type: SEQUENCE; Schema: public; Owner: survey
--

ALTER TABLE public.django_migrations ALTER COLUMN id ADD GENERATED BY DEFAULT AS IDENTITY (
    SEQUENCE NAME public.django_migrations_id_seq
    START WITH 1
    INCREMENT BY 1
    NO MINVALUE
    NO MAXVALUE
    CACHE 1
);


--
-- Name: django_session; Type: TABLE; Schema: public; Owner: survey
--

CREATE TABLE public.django_session (
    session_key character varying(40) NOT NULL,
    session_data text NOT NULL,
    expire_date timestamp with time zone NOT NULL
);


ALTER TABLE public.django_session OWNER TO survey;

--
-- Name: main_menuitem; Type: TABLE; Schema: public; Owner: survey
--

CREATE TABLE public.main_menuitem (
    id bigint NOT NULL,
    name character varying(127) NOT NULL,
    parent_id bigint,
    menu_id bigint,
    path character varying(100)
);


ALTER TABLE public.main_menuitem OWNER TO survey;

--
-- Name: main_category_id_seq; Type: SEQUENCE; Schema: public; Owner: survey
--

ALTER TABLE public.main_menuitem ALTER COLUMN id ADD GENERATED BY DEFAULT AS IDENTITY (
    SEQUENCE NAME public.main_category_id_seq
    START WITH 1
    INCREMENT BY 1
    NO MINVALUE
    NO MAXVALUE
    CACHE 1
);


--
-- Name: main_menu; Type: TABLE; Schema: public; Owner: survey
--

CREATE TABLE public.main_menu (
    id bigint NOT NULL,
    name character varying(127) NOT NULL
);


ALTER TABLE public.main_menu OWNER TO survey;

--
-- Name: main_menu_id_seq; Type: SEQUENCE; Schema: public; Owner: survey
--

ALTER TABLE public.main_menu ALTER COLUMN id ADD GENERATED BY DEFAULT AS IDENTITY (
    SEQUENCE NAME public.main_menu_id_seq
    START WITH 1
    INCREMENT BY 1
    NO MINVALUE
    NO MAXVALUE
    CACHE 1
);


--
-- Data for Name: auth_group; Type: TABLE DATA; Schema: public; Owner: survey
--

COPY public.auth_group (id, name) FROM stdin;
\.


--
-- Data for Name: auth_group_permissions; Type: TABLE DATA; Schema: public; Owner: survey
--

COPY public.auth_group_permissions (id, group_id, permission_id) FROM stdin;
\.


--
-- Data for Name: auth_permission; Type: TABLE DATA; Schema: public; Owner: survey
--

COPY public.auth_permission (id, name, content_type_id, codename) FROM stdin;
1	Can add log entry	1	add_logentry
2	Can change log entry	1	change_logentry
3	Can delete log entry	1	delete_logentry
4	Can view log entry	1	view_logentry
5	Can add permission	2	add_permission
6	Can change permission	2	change_permission
7	Can delete permission	2	delete_permission
8	Can view permission	2	view_permission
9	Can add group	3	add_group
10	Can change group	3	change_group
11	Can delete group	3	delete_group
12	Can view group	3	view_group
13	Can add user	4	add_user
14	Can change user	4	change_user
15	Can delete user	4	delete_user
16	Can view user	4	view_user
17	Can add content type	5	add_contenttype
18	Can change content type	5	change_contenttype
19	Can delete content type	5	delete_contenttype
20	Can view content type	5	view_contenttype
21	Can add session	6	add_session
22	Can change session	6	change_session
23	Can delete session	6	delete_session
24	Can view session	6	view_session
25	Can add menu item	7	add_menuitem
26	Can change menu item	7	change_menuitem
27	Can delete menu item	7	delete_menuitem
28	Can view menu item	7	view_menuitem
29	Can add category	8	add_category
30	Can change category	8	change_category
31	Can delete category	8	delete_category
32	Can view category	8	view_category
33	Can add menu	8	add_menu
34	Can change menu	8	change_menu
35	Can delete menu	8	delete_menu
36	Can view menu	8	view_menu
\.


--
-- Data for Name: auth_user; Type: TABLE DATA; Schema: public; Owner: survey
--

COPY public.auth_user (id, password, last_login, is_superuser, username, first_name, last_name, email, is_staff, is_active, date_joined) FROM stdin;
1	pbkdf2_sha256$720000$P4hBMPPL3WUMPIam88G8i1$z2nub3elXOqpmTJSxE0gPi8b5QFl4NyyYqwsUUeTuSs=	2024-02-12 23:27:04.225529+00	t	admin			admin@admin.ru	t	t	2024-02-12 23:26:14.787872+00
\.


--
-- Data for Name: auth_user_groups; Type: TABLE DATA; Schema: public; Owner: survey
--

COPY public.auth_user_groups (id, user_id, group_id) FROM stdin;
\.


--
-- Data for Name: auth_user_user_permissions; Type: TABLE DATA; Schema: public; Owner: survey
--

COPY public.auth_user_user_permissions (id, user_id, permission_id) FROM stdin;
\.


--
-- Data for Name: django_admin_log; Type: TABLE DATA; Schema: public; Owner: survey
--

COPY public.django_admin_log (id, action_time, object_id, object_repr, action_flag, change_message, content_type_id, user_id) FROM stdin;
1	2024-02-12 23:27:27.75638+00	1	Category object (1)	1	[{"added": {}}]	8	1
2	2024-02-12 23:27:35.02366+00	2	Category object (2)	1	[{"added": {}}]	8	1
3	2024-02-12 23:27:49.962927+00	3	Category object (3)	1	[{"added": {}}]	8	1
4	2024-02-12 23:27:56.840718+00	4	Category object (4)	1	[{"added": {}}]	8	1
5	2024-02-13 17:02:53.807152+00	4	leaf1	2	[{"changed": {"fields": ["Name"]}}]	8	1
6	2024-02-13 17:03:19.003851+00	5	leaf2	1	[{"added": {}}]	8	1
7	2024-02-13 18:02:07.281051+00	1	aaa	2	[{"changed": {"fields": ["Name"]}}]	8	1
8	2024-02-13 18:02:19.128955+00	2	bbb	2	[{"changed": {"fields": ["Name"]}}]	8	1
9	2024-02-13 18:02:28.64614+00	3	ccc	2	[{"changed": {"fields": ["Name"]}}]	8	1
10	2024-02-13 18:02:37.61816+00	4	ddd	2	[{"changed": {"fields": ["Name"]}}]	8	1
11	2024-02-13 18:02:48.050793+00	5	eee	2	[{"changed": {"fields": ["Name"]}}]	8	1
12	2024-02-13 18:03:31.360681+00	3	ccc	2	[{"changed": {"fields": ["Parent"]}}]	8	1
13	2024-02-13 18:03:43.268182+00	4	ddd	2	[{"changed": {"fields": ["Parent"]}}]	8	1
14	2024-02-13 18:03:48.952625+00	5	eee	2	[{"changed": {"fields": ["Parent"]}}]	8	1
15	2024-02-13 18:04:32.51768+00	6	fff	1	[{"added": {}}]	8	1
16	2024-02-13 18:04:54.648457+00	7	ggg	1	[{"added": {}}]	8	1
17	2024-02-13 18:05:38.854145+00	8	hhh	1	[{"added": {}}]	8	1
18	2024-02-13 18:05:49.283349+00	9	iii	1	[{"added": {}}]	8	1
19	2024-02-13 18:05:57.585676+00	10	jjj	1	[{"added": {}}]	8	1
20	2024-02-13 18:06:13.319969+00	11	kkk	1	[{"added": {}}]	8	1
21	2024-02-13 18:06:31.343068+00	12	lll	1	[{"added": {}}]	8	1
22	2024-02-13 18:06:41.420204+00	13	mmm	1	[{"added": {}}]	8	1
23	2024-02-13 18:06:48.860896+00	14	nnn	1	[{"added": {}}]	8	1
24	2024-02-13 18:07:12.397149+00	15	ooo	1	[{"added": {}}]	8	1
25	2024-02-13 21:18:27.092993+00	1	main_menu	1	[{"added": {}}]	8	1
26	2024-02-13 21:23:01.262298+00	15	ooo	2	[{"changed": {"fields": ["Menu"]}}]	7	1
27	2024-02-13 21:23:01.265021+00	14	nnn	2	[{"changed": {"fields": ["Menu"]}}]	7	1
28	2024-02-13 21:23:01.267132+00	13	mmm	2	[{"changed": {"fields": ["Menu"]}}]	7	1
29	2024-02-13 21:23:01.269239+00	12	lll	2	[{"changed": {"fields": ["Menu"]}}]	7	1
30	2024-02-13 21:23:01.271886+00	11	kkk	2	[{"changed": {"fields": ["Menu"]}}]	7	1
31	2024-02-13 21:23:01.27402+00	10	jjj	2	[{"changed": {"fields": ["Menu"]}}]	7	1
32	2024-02-13 21:23:01.276533+00	9	iii	2	[{"changed": {"fields": ["Menu"]}}]	7	1
33	2024-02-13 21:23:01.279184+00	8	hhh	2	[{"changed": {"fields": ["Menu"]}}]	7	1
34	2024-02-13 21:23:01.281285+00	7	ggg	2	[{"changed": {"fields": ["Menu"]}}]	7	1
35	2024-02-13 21:23:01.283333+00	6	fff	2	[{"changed": {"fields": ["Menu"]}}]	7	1
36	2024-02-13 21:23:01.285438+00	5	eee	2	[{"changed": {"fields": ["Menu"]}}]	7	1
37	2024-02-13 21:23:01.287553+00	4	ddd	2	[{"changed": {"fields": ["Menu"]}}]	7	1
38	2024-02-13 21:23:01.289668+00	3	ccc	2	[{"changed": {"fields": ["Menu"]}}]	7	1
39	2024-02-13 21:23:01.292402+00	2	bbb	2	[{"changed": {"fields": ["Menu"]}}]	7	1
40	2024-02-13 21:23:01.295053+00	1	aaa	2	[{"changed": {"fields": ["Menu"]}}]	7	1
41	2024-02-13 21:39:16.100089+00	15	ooo	2	[{"changed": {"fields": ["Path"]}}]	7	1
42	2024-02-13 21:39:16.102724+00	14	nnn	2	[{"changed": {"fields": ["Path"]}}]	7	1
43	2024-02-13 21:39:16.104839+00	13	mmm	2	[{"changed": {"fields": ["Path"]}}]	7	1
44	2024-02-13 21:39:16.107294+00	12	lll	2	[{"changed": {"fields": ["Path"]}}]	7	1
45	2024-02-13 21:39:16.109422+00	11	kkk	2	[{"changed": {"fields": ["Path"]}}]	7	1
46	2024-02-13 21:39:16.11154+00	10	jjj	2	[{"changed": {"fields": ["Path"]}}]	7	1
47	2024-02-13 21:39:16.11368+00	9	iii	2	[{"changed": {"fields": ["Path"]}}]	7	1
48	2024-02-13 21:39:16.11583+00	8	hhh	2	[{"changed": {"fields": ["Path"]}}]	7	1
49	2024-02-13 21:39:16.117439+00	7	ggg	2	[{"changed": {"fields": ["Path"]}}]	7	1
50	2024-02-13 21:39:16.119584+00	6	fff	2	[{"changed": {"fields": ["Path"]}}]	7	1
51	2024-02-13 21:39:16.122516+00	5	eee	2	[{"changed": {"fields": ["Path"]}}]	7	1
52	2024-02-13 21:39:16.124664+00	4	ddd	2	[{"changed": {"fields": ["Path"]}}]	7	1
53	2024-02-13 21:39:16.126795+00	3	ccc	2	[{"changed": {"fields": ["Path"]}}]	7	1
54	2024-02-13 21:39:16.129028+00	2	bbb	2	[{"changed": {"fields": ["Path"]}}]	7	1
55	2024-02-13 21:39:16.131181+00	1	aaa	2	[{"changed": {"fields": ["Path"]}}]	7	1
56	2024-02-14 16:28:34.73953+00	2	Other_menu	1	[{"added": {}}]	8	1
57	2024-02-14 16:28:44.412686+00	2	other_menu	2	[{"changed": {"fields": ["Name"]}}]	8	1
58	2024-02-14 16:30:43.309501+00	16	16-other_menu-aaa-page1	1	[{"added": {}}]	7	1
59	2024-02-14 16:31:41.004764+00	17	17-other_menu-bbb-page2	1	[{"added": {}}]	7	1
60	2024-02-14 16:32:25.007913+00	18	18-other_menu-ccc-page3	1	[{"added": {}}]	7	1
\.


--
-- Data for Name: django_content_type; Type: TABLE DATA; Schema: public; Owner: survey
--

COPY public.django_content_type (id, app_label, model) FROM stdin;
1	admin	logentry
2	auth	permission
3	auth	group
4	auth	user
5	contenttypes	contenttype
6	sessions	session
7	main	menuitem
8	main	menu
\.


--
-- Data for Name: django_migrations; Type: TABLE DATA; Schema: public; Owner: survey
--

COPY public.django_migrations (id, app, name, applied) FROM stdin;
1	contenttypes	0001_initial	2024-02-12 23:24:37.338129+00
2	auth	0001_initial	2024-02-12 23:24:37.5054+00
3	admin	0001_initial	2024-02-12 23:24:37.546986+00
4	admin	0002_logentry_remove_auto_add	2024-02-12 23:24:37.556982+00
5	admin	0003_logentry_add_action_flag_choices	2024-02-12 23:24:37.566924+00
6	contenttypes	0002_remove_content_type_name	2024-02-12 23:24:37.586828+00
7	auth	0002_alter_permission_name_max_length	2024-02-12 23:24:37.597836+00
8	auth	0003_alter_user_email_max_length	2024-02-12 23:24:37.610619+00
9	auth	0004_alter_user_username_opts	2024-02-12 23:24:37.620252+00
10	auth	0005_alter_user_last_login_null	2024-02-12 23:24:37.632618+00
11	auth	0006_require_contenttypes_0002	2024-02-12 23:24:37.637887+00
12	auth	0007_alter_validators_add_error_messages	2024-02-12 23:24:37.649048+00
13	auth	0008_alter_user_username_max_length	2024-02-12 23:24:37.66825+00
14	auth	0009_alter_user_last_name_max_length	2024-02-12 23:24:37.680364+00
15	auth	0010_alter_group_name_max_length	2024-02-12 23:24:37.692491+00
16	auth	0011_update_proxy_permissions	2024-02-12 23:24:37.702434+00
17	auth	0012_alter_user_first_name_max_length	2024-02-12 23:24:37.715031+00
18	main	0001_initial	2024-02-12 23:24:37.750505+00
19	sessions	0001_initial	2024-02-12 23:24:37.786565+00
20	main	0002_delete_menuitem	2024-02-13 18:29:05.185952+00
21	main	0003_rename_category_menu	2024-02-13 18:30:41.373577+00
22	main	0004_rename_menu_menuitem	2024-02-13 21:12:40.31734+00
23	main	0005_menu_menuitem_menu	2024-02-13 21:15:29.012859+00
24	main	0006_rename_parent_menuitem_parent_item	2024-02-13 21:25:41.651325+00
25	main	0007_menuitem_url	2024-02-13 21:32:49.33704+00
26	main	0008_rename_url_menuitem_path	2024-02-13 21:33:56.051587+00
27	main	0009_alter_menuitem_path	2024-02-13 21:38:28.511928+00
28	main	0010_rename_parent_item_menuitem_parent	2024-02-14 12:59:43.557675+00
\.


--
-- Data for Name: django_session; Type: TABLE DATA; Schema: public; Owner: survey
--

COPY public.django_session (session_key, session_data, expire_date) FROM stdin;
hoyz0zno1pot1c1vl6uz4tjaapa918lp	.eJxVjMsOwiAQRf-FtSHQUh4u3fsNZGYYpGogKe3K-O_apAvd3nPOfYkI21ri1nmJcxJnocXpd0OgB9cdpDvUW5PU6rrMKHdFHrTLa0v8vBzu30GBXr41K1bEg1OQnSOvVYBA1pnRuTSNQ1bBG7R29CZpg16jzwl4MoiYCTSJ9wfaYTgy:1rZfhY:BbJ11qDR0XKngR0-J28BnC1aQuz0dLYS4FTmPt61aAY	2024-02-26 23:27:04.230212+00
\.


--
-- Data for Name: main_menu; Type: TABLE DATA; Schema: public; Owner: survey
--

COPY public.main_menu (id, name) FROM stdin;
1	main_menu
2	other_menu
\.


--
-- Data for Name: main_menuitem; Type: TABLE DATA; Schema: public; Owner: survey
--

COPY public.main_menuitem (id, name, parent_id, menu_id, path) FROM stdin;
15	ooo	7	1	page15
14	nnn	7	1	page14
13	mmm	6	1	page13
12	lll	6	1	page12
11	kkk	5	1	page11
10	jjj	5	1	page10
9	iii	4	1	page9
8	hhh	4	1	page8
7	ggg	3	1	page7
6	fff	3	1	page6
5	eee	2	1	page5
4	ddd	2	1	page4
3	ccc	1	1	page3
2	bbb	1	1	page2
1	aaa	\N	1	page1
16	other_menu-aaa	\N	2	page1
17	other_menu-bbb	16	2	page2
18	other_menu-ccc	16	2	page3
\.


--
-- Name: auth_group_id_seq; Type: SEQUENCE SET; Schema: public; Owner: survey
--

SELECT pg_catalog.setval('public.auth_group_id_seq', 1, false);


--
-- Name: auth_group_permissions_id_seq; Type: SEQUENCE SET; Schema: public; Owner: survey
--

SELECT pg_catalog.setval('public.auth_group_permissions_id_seq', 1, false);


--
-- Name: auth_permission_id_seq; Type: SEQUENCE SET; Schema: public; Owner: survey
--

SELECT pg_catalog.setval('public.auth_permission_id_seq', 36, true);


--
-- Name: auth_user_groups_id_seq; Type: SEQUENCE SET; Schema: public; Owner: survey
--

SELECT pg_catalog.setval('public.auth_user_groups_id_seq', 1, false);


--
-- Name: auth_user_id_seq; Type: SEQUENCE SET; Schema: public; Owner: survey
--

SELECT pg_catalog.setval('public.auth_user_id_seq', 1, true);


--
-- Name: auth_user_user_permissions_id_seq; Type: SEQUENCE SET; Schema: public; Owner: survey
--

SELECT pg_catalog.setval('public.auth_user_user_permissions_id_seq', 1, false);


--
-- Name: django_admin_log_id_seq; Type: SEQUENCE SET; Schema: public; Owner: survey
--

SELECT pg_catalog.setval('public.django_admin_log_id_seq', 60, true);


--
-- Name: django_content_type_id_seq; Type: SEQUENCE SET; Schema: public; Owner: survey
--

SELECT pg_catalog.setval('public.django_content_type_id_seq', 8, true);


--
-- Name: django_migrations_id_seq; Type: SEQUENCE SET; Schema: public; Owner: survey
--

SELECT pg_catalog.setval('public.django_migrations_id_seq', 28, true);


--
-- Name: main_category_id_seq; Type: SEQUENCE SET; Schema: public; Owner: survey
--

SELECT pg_catalog.setval('public.main_category_id_seq', 18, true);


--
-- Name: main_menu_id_seq; Type: SEQUENCE SET; Schema: public; Owner: survey
--

SELECT pg_catalog.setval('public.main_menu_id_seq', 2, true);


--
-- Name: auth_group auth_group_name_key; Type: CONSTRAINT; Schema: public; Owner: survey
--

ALTER TABLE ONLY public.auth_group
    ADD CONSTRAINT auth_group_name_key UNIQUE (name);


--
-- Name: auth_group_permissions auth_group_permissions_group_id_permission_id_0cd325b0_uniq; Type: CONSTRAINT; Schema: public; Owner: survey
--

ALTER TABLE ONLY public.auth_group_permissions
    ADD CONSTRAINT auth_group_permissions_group_id_permission_id_0cd325b0_uniq UNIQUE (group_id, permission_id);


--
-- Name: auth_group_permissions auth_group_permissions_pkey; Type: CONSTRAINT; Schema: public; Owner: survey
--

ALTER TABLE ONLY public.auth_group_permissions
    ADD CONSTRAINT auth_group_permissions_pkey PRIMARY KEY (id);


--
-- Name: auth_group auth_group_pkey; Type: CONSTRAINT; Schema: public; Owner: survey
--

ALTER TABLE ONLY public.auth_group
    ADD CONSTRAINT auth_group_pkey PRIMARY KEY (id);


--
-- Name: auth_permission auth_permission_content_type_id_codename_01ab375a_uniq; Type: CONSTRAINT; Schema: public; Owner: survey
--

ALTER TABLE ONLY public.auth_permission
    ADD CONSTRAINT auth_permission_content_type_id_codename_01ab375a_uniq UNIQUE (content_type_id, codename);


--
-- Name: auth_permission auth_permission_pkey; Type: CONSTRAINT; Schema: public; Owner: survey
--

ALTER TABLE ONLY public.auth_permission
    ADD CONSTRAINT auth_permission_pkey PRIMARY KEY (id);


--
-- Name: auth_user_groups auth_user_groups_pkey; Type: CONSTRAINT; Schema: public; Owner: survey
--

ALTER TABLE ONLY public.auth_user_groups
    ADD CONSTRAINT auth_user_groups_pkey PRIMARY KEY (id);


--
-- Name: auth_user_groups auth_user_groups_user_id_group_id_94350c0c_uniq; Type: CONSTRAINT; Schema: public; Owner: survey
--

ALTER TABLE ONLY public.auth_user_groups
    ADD CONSTRAINT auth_user_groups_user_id_group_id_94350c0c_uniq UNIQUE (user_id, group_id);


--
-- Name: auth_user auth_user_pkey; Type: CONSTRAINT; Schema: public; Owner: survey
--

ALTER TABLE ONLY public.auth_user
    ADD CONSTRAINT auth_user_pkey PRIMARY KEY (id);


--
-- Name: auth_user_user_permissions auth_user_user_permissions_pkey; Type: CONSTRAINT; Schema: public; Owner: survey
--

ALTER TABLE ONLY public.auth_user_user_permissions
    ADD CONSTRAINT auth_user_user_permissions_pkey PRIMARY KEY (id);


--
-- Name: auth_user_user_permissions auth_user_user_permissions_user_id_permission_id_14a6b632_uniq; Type: CONSTRAINT; Schema: public; Owner: survey
--

ALTER TABLE ONLY public.auth_user_user_permissions
    ADD CONSTRAINT auth_user_user_permissions_user_id_permission_id_14a6b632_uniq UNIQUE (user_id, permission_id);


--
-- Name: auth_user auth_user_username_key; Type: CONSTRAINT; Schema: public; Owner: survey
--

ALTER TABLE ONLY public.auth_user
    ADD CONSTRAINT auth_user_username_key UNIQUE (username);


--
-- Name: django_admin_log django_admin_log_pkey; Type: CONSTRAINT; Schema: public; Owner: survey
--

ALTER TABLE ONLY public.django_admin_log
    ADD CONSTRAINT django_admin_log_pkey PRIMARY KEY (id);


--
-- Name: django_content_type django_content_type_app_label_model_76bd3d3b_uniq; Type: CONSTRAINT; Schema: public; Owner: survey
--

ALTER TABLE ONLY public.django_content_type
    ADD CONSTRAINT django_content_type_app_label_model_76bd3d3b_uniq UNIQUE (app_label, model);


--
-- Name: django_content_type django_content_type_pkey; Type: CONSTRAINT; Schema: public; Owner: survey
--

ALTER TABLE ONLY public.django_content_type
    ADD CONSTRAINT django_content_type_pkey PRIMARY KEY (id);


--
-- Name: django_migrations django_migrations_pkey; Type: CONSTRAINT; Schema: public; Owner: survey
--

ALTER TABLE ONLY public.django_migrations
    ADD CONSTRAINT django_migrations_pkey PRIMARY KEY (id);


--
-- Name: django_session django_session_pkey; Type: CONSTRAINT; Schema: public; Owner: survey
--

ALTER TABLE ONLY public.django_session
    ADD CONSTRAINT django_session_pkey PRIMARY KEY (session_key);


--
-- Name: main_menuitem main_category_pkey; Type: CONSTRAINT; Schema: public; Owner: survey
--

ALTER TABLE ONLY public.main_menuitem
    ADD CONSTRAINT main_category_pkey PRIMARY KEY (id);


--
-- Name: main_menu main_menu_pkey; Type: CONSTRAINT; Schema: public; Owner: survey
--

ALTER TABLE ONLY public.main_menu
    ADD CONSTRAINT main_menu_pkey PRIMARY KEY (id);


--
-- Name: auth_group_name_a6ea08ec_like; Type: INDEX; Schema: public; Owner: survey
--

CREATE INDEX auth_group_name_a6ea08ec_like ON public.auth_group USING btree (name varchar_pattern_ops);


--
-- Name: auth_group_permissions_group_id_b120cbf9; Type: INDEX; Schema: public; Owner: survey
--

CREATE INDEX auth_group_permissions_group_id_b120cbf9 ON public.auth_group_permissions USING btree (group_id);


--
-- Name: auth_group_permissions_permission_id_84c5c92e; Type: INDEX; Schema: public; Owner: survey
--

CREATE INDEX auth_group_permissions_permission_id_84c5c92e ON public.auth_group_permissions USING btree (permission_id);


--
-- Name: auth_permission_content_type_id_2f476e4b; Type: INDEX; Schema: public; Owner: survey
--

CREATE INDEX auth_permission_content_type_id_2f476e4b ON public.auth_permission USING btree (content_type_id);


--
-- Name: auth_user_groups_group_id_97559544; Type: INDEX; Schema: public; Owner: survey
--

CREATE INDEX auth_user_groups_group_id_97559544 ON public.auth_user_groups USING btree (group_id);


--
-- Name: auth_user_groups_user_id_6a12ed8b; Type: INDEX; Schema: public; Owner: survey
--

CREATE INDEX auth_user_groups_user_id_6a12ed8b ON public.auth_user_groups USING btree (user_id);


--
-- Name: auth_user_user_permissions_permission_id_1fbb5f2c; Type: INDEX; Schema: public; Owner: survey
--

CREATE INDEX auth_user_user_permissions_permission_id_1fbb5f2c ON public.auth_user_user_permissions USING btree (permission_id);


--
-- Name: auth_user_user_permissions_user_id_a95ead1b; Type: INDEX; Schema: public; Owner: survey
--

CREATE INDEX auth_user_user_permissions_user_id_a95ead1b ON public.auth_user_user_permissions USING btree (user_id);


--
-- Name: auth_user_username_6821ab7c_like; Type: INDEX; Schema: public; Owner: survey
--

CREATE INDEX auth_user_username_6821ab7c_like ON public.auth_user USING btree (username varchar_pattern_ops);


--
-- Name: django_admin_log_content_type_id_c4bce8eb; Type: INDEX; Schema: public; Owner: survey
--

CREATE INDEX django_admin_log_content_type_id_c4bce8eb ON public.django_admin_log USING btree (content_type_id);


--
-- Name: django_admin_log_user_id_c564eba6; Type: INDEX; Schema: public; Owner: survey
--

CREATE INDEX django_admin_log_user_id_c564eba6 ON public.django_admin_log USING btree (user_id);


--
-- Name: django_session_expire_date_a5c62663; Type: INDEX; Schema: public; Owner: survey
--

CREATE INDEX django_session_expire_date_a5c62663 ON public.django_session USING btree (expire_date);


--
-- Name: django_session_session_key_c0390e0f_like; Type: INDEX; Schema: public; Owner: survey
--

CREATE INDEX django_session_session_key_c0390e0f_like ON public.django_session USING btree (session_key varchar_pattern_ops);


--
-- Name: main_category_parent_id_212af219; Type: INDEX; Schema: public; Owner: survey
--

CREATE INDEX main_category_parent_id_212af219 ON public.main_menuitem USING btree (parent_id);


--
-- Name: main_menuitem_menu_id_58f8afc6; Type: INDEX; Schema: public; Owner: survey
--

CREATE INDEX main_menuitem_menu_id_58f8afc6 ON public.main_menuitem USING btree (menu_id);


--
-- Name: auth_group_permissions auth_group_permissio_permission_id_84c5c92e_fk_auth_perm; Type: FK CONSTRAINT; Schema: public; Owner: survey
--

ALTER TABLE ONLY public.auth_group_permissions
    ADD CONSTRAINT auth_group_permissio_permission_id_84c5c92e_fk_auth_perm FOREIGN KEY (permission_id) REFERENCES public.auth_permission(id) DEFERRABLE INITIALLY DEFERRED;


--
-- Name: auth_group_permissions auth_group_permissions_group_id_b120cbf9_fk_auth_group_id; Type: FK CONSTRAINT; Schema: public; Owner: survey
--

ALTER TABLE ONLY public.auth_group_permissions
    ADD CONSTRAINT auth_group_permissions_group_id_b120cbf9_fk_auth_group_id FOREIGN KEY (group_id) REFERENCES public.auth_group(id) DEFERRABLE INITIALLY DEFERRED;


--
-- Name: auth_permission auth_permission_content_type_id_2f476e4b_fk_django_co; Type: FK CONSTRAINT; Schema: public; Owner: survey
--

ALTER TABLE ONLY public.auth_permission
    ADD CONSTRAINT auth_permission_content_type_id_2f476e4b_fk_django_co FOREIGN KEY (content_type_id) REFERENCES public.django_content_type(id) DEFERRABLE INITIALLY DEFERRED;


--
-- Name: auth_user_groups auth_user_groups_group_id_97559544_fk_auth_group_id; Type: FK CONSTRAINT; Schema: public; Owner: survey
--

ALTER TABLE ONLY public.auth_user_groups
    ADD CONSTRAINT auth_user_groups_group_id_97559544_fk_auth_group_id FOREIGN KEY (group_id) REFERENCES public.auth_group(id) DEFERRABLE INITIALLY DEFERRED;


--
-- Name: auth_user_groups auth_user_groups_user_id_6a12ed8b_fk_auth_user_id; Type: FK CONSTRAINT; Schema: public; Owner: survey
--

ALTER TABLE ONLY public.auth_user_groups
    ADD CONSTRAINT auth_user_groups_user_id_6a12ed8b_fk_auth_user_id FOREIGN KEY (user_id) REFERENCES public.auth_user(id) DEFERRABLE INITIALLY DEFERRED;


--
-- Name: auth_user_user_permissions auth_user_user_permi_permission_id_1fbb5f2c_fk_auth_perm; Type: FK CONSTRAINT; Schema: public; Owner: survey
--

ALTER TABLE ONLY public.auth_user_user_permissions
    ADD CONSTRAINT auth_user_user_permi_permission_id_1fbb5f2c_fk_auth_perm FOREIGN KEY (permission_id) REFERENCES public.auth_permission(id) DEFERRABLE INITIALLY DEFERRED;


--
-- Name: auth_user_user_permissions auth_user_user_permissions_user_id_a95ead1b_fk_auth_user_id; Type: FK CONSTRAINT; Schema: public; Owner: survey
--

ALTER TABLE ONLY public.auth_user_user_permissions
    ADD CONSTRAINT auth_user_user_permissions_user_id_a95ead1b_fk_auth_user_id FOREIGN KEY (user_id) REFERENCES public.auth_user(id) DEFERRABLE INITIALLY DEFERRED;


--
-- Name: django_admin_log django_admin_log_content_type_id_c4bce8eb_fk_django_co; Type: FK CONSTRAINT; Schema: public; Owner: survey
--

ALTER TABLE ONLY public.django_admin_log
    ADD CONSTRAINT django_admin_log_content_type_id_c4bce8eb_fk_django_co FOREIGN KEY (content_type_id) REFERENCES public.django_content_type(id) DEFERRABLE INITIALLY DEFERRED;


--
-- Name: django_admin_log django_admin_log_user_id_c564eba6_fk_auth_user_id; Type: FK CONSTRAINT; Schema: public; Owner: survey
--

ALTER TABLE ONLY public.django_admin_log
    ADD CONSTRAINT django_admin_log_user_id_c564eba6_fk_auth_user_id FOREIGN KEY (user_id) REFERENCES public.auth_user(id) DEFERRABLE INITIALLY DEFERRED;


--
-- Name: main_menuitem main_menuitem_menu_id_58f8afc6_fk_main_menu_id; Type: FK CONSTRAINT; Schema: public; Owner: survey
--

ALTER TABLE ONLY public.main_menuitem
    ADD CONSTRAINT main_menuitem_menu_id_58f8afc6_fk_main_menu_id FOREIGN KEY (menu_id) REFERENCES public.main_menu(id) DEFERRABLE INITIALLY DEFERRED;


--
-- Name: main_menuitem main_menuitem_parent_id_02c730dc_fk_main_menuitem_id; Type: FK CONSTRAINT; Schema: public; Owner: survey
--

ALTER TABLE ONLY public.main_menuitem
    ADD CONSTRAINT main_menuitem_parent_id_02c730dc_fk_main_menuitem_id FOREIGN KEY (parent_id) REFERENCES public.main_menuitem(id) DEFERRABLE INITIALLY DEFERRED;


--
-- PostgreSQL database dump complete
--

